@lat	@lon	railway:ref	name
49.1549756	15.0056269	007013	Jindřichův Hradec - místní nádraží
49.4285378	14.9534057	007021	Obrataň-JHMD
49.7931321	18.5245929	330142	Albrechtice u Českého Těšína
49.2953894	16.6634542	330159	Adamov
49.6512007	18.3694494	330241	Baška
49.3012318	16.6497967	330258	Adamov zastávka
49.2767514	16.6728275	330357	Babice nad Svitavou
49.9278535	16.9385862	330423	Bludov
49.9517138	16.8759606	330522	Bohutín
49.7163343	18.0651186	330548	Studénka město
49.9407275	16.9028601	330621	Bludov lázně
49.7534762	18.0141835	330647	Bílovec
50.0263514	16.9013734	330720	Bohdíkov
49.7485850	18.0310827	330746	Velké Albrechtice
50.0095159	16.8972249	330829	Komňátka
49.7959243	17.6141216	330845	Budišov nad Budišovkou
49.2428185	16.6734539	330852	Bílovice nad Svitavou
49.6630266	17.2815568	330928	Bohuňovice
49.7991735	17.6676603	330944	Svatoňovice
49.3525292	16.6471477	330951	Blansko
49.6389535	17.2811702	331025	Hlušovice
49.6363087	18.7175516	331041	Bystřice (Bystrzyca)
49.3872909	16.6338721	331058	Dolní Lhota
50.1470616	17.0147230	331124	Branná
49.6137476	18.7394758	331140	Hrádek (Gródek)
49.3612759	16.6392399	331157	Blansko město
50.0521122	17.6117847	331223	Brantice
49.6564130	18.6960636	331249	Vendryně
49.1639815	16.7982989	331256	Blažovice
50.0395274	17.5963426	331322	Zátor
49.1442256	16.8338860	331355	Křenovice dolní nádraží
49.4820329	17.3374129	331421	Brodek u Přerova
49.0962910	17.9261740	331454	Bohuslavice nad Vláří
49.9939917	17.4742764	331629	Bruntál
49.0551826	17.1190912	331751	Bohuslavice u Kyjova
49.0361323	17.7953879	331850	Bojkovice
49.4911908	16.6516703	332056	Boskovice
48.7377646	16.8671284	332155	Boří les
48.8234057	16.2877289	332254	Božice u Znojma
49.9134627	17.3828726	332320	Břidličná
49.7436938	18.6229519	332346	Český Těšín
49.4594368	17.9058081	332361	Branky na Moravě
49.9124612	17.3694661	332429	Břidličná zastávka
49.7813834	18.5978925	332445	Chotěbuz
49.4505860	17.8680895	332460	Police u Valašského Meziříčí
50.0402901	16.9126610	332528	Raškov
49.7166612	18.6270747	332544	Ropice zastávka
49.3056882	15.7492420	332551	Bransouze
49.8804531	18.1711427	332643	Děhylov
49.3435101	15.7414640	332650	Přímělkov
49.9001077	18.4661059	332742	Dětmarovice
49.3228387	15.7473901	332759	Dolní Smrčné
49.6706867	18.4143714	332841	Dobrá u Frýdku-Místku
49.2819684	15.7632529	332858	Číchov
49.5134800	17.0967632	332924	Čelechovice na Hané
49.6697764	18.4726779	332940	Dobratice pod Prašivou
49.1911221	16.6131116	332957	Brno hlavní nádraží
49.5311670	17.1046691	333021	Kaple
49.9230243	18.1195485	333047	Dolní Benešov
49.1674150	16.6067950	333054	Brno-Horní Heršpice
49.7237024	17.0911579	333120	Červenka
49.9104850	18.1538637	333146	Kozmice
49.2306772	16.5961590	333153	Brno-Královo Pole
49.8384396	17.3949224	333229	Dětřichov nad Bystřicí
49.5445771	18.2081271	333245	Frenštát pod Radhoštěm město
49.2506327	16.5900722	333252	Brno-Řečkovice
49.8732216	17.4193402	333328	Lomnice u Rýmařova
49.5419705	18.2241358	333344	Frenštát pod Radhoštěm
49.2207370	16.6264500	333351	Brno-Lesná
49.6779422	18.3539702	333443	Frýdek-Místek
49.5890914	18.3547243	333542	Frýdlant nad Ostravicí
49.5528009	18.3343209	333641	Čeladná
49.1696673	16.6824238	333658	Brno-Slatina
49.5699313	18.3606166	333740	Frýdlant nad Ostravicí-Nová Dědina
49.5850470	18.3605408	333849	Frýdlant nad Ostravicí zastávka
49.1889828	16.6312375	333856	Brno-Černovice
49.6169763	18.3621180	333948	Pržno
49.2043077	16.6368668	333955	Brno-Židenice
49.7134805	17.9125472	334045	Fulnek
49.0943580	18.0363462	334052	Brumov
49.6940460	17.9319732	334144	Stachovice
49.1010277	18.0444214	334151	Návojná
49.7403954	17.4448367	334227	Domašov nad Bystřicí
49.9011907	18.0940855	334243	Háj ve Slezsku
48.7539713	16.8932662	334250	Břeclav
49.6907854	17.4431272	334326	Hrubá Voda-Smilov
49.8972425	18.1419036	334342	Jilešovice
49.0851419	18.0256981	334359	Brumov střed
49.6332551	16.5207351	334375	Březová nad Svitavou
49.7101853	17.4421851	334425	Jívová
49.9070474	18.0480913	334441	Lhota u Opavy
49.6555499	16.5081938	334474	Březová nad Svitavou-Dlouhá
49.5831629	17.0793796	334524	Drahanovice
49.7913746	18.4126711	334540	Havířov
49.7010820	16.4847388	334573	Hradec nad Svitavou
49.5671622	17.1089269	334623	Slatinice
49.7765308	18.3701374	334649	Šenov
49.3561192	17.6229061	334656	Jankovice
49.6231510	16.5245007	334672	Moravská Chrastová
49.5521802	17.6824583	334722	Drahotuše
49.7907911	18.4605193	334748	Havířov-Suchá
48.9705366	17.2942427	334755	Bzenec-Olšovec
49.7351655	16.4833589	334771	Svitavy-Lány
49.5336822	17.3054291	334821	Grygov
49.7928849	18.4880446	334847	Horní Suchá
48.8731455	16.3673242	334854	Břežany
49.6776898	17.9844800	334946	Hladké Životice
48.8486962	16.3702296	334953	Pravice
49.9009258	18.1943670	335042	Hlučín
49.1457348	16.9997912	335059	Bučovice
49.6785089	18.5389970	335141	Hnojník
49.1491531	16.9725705	335158	Marefy
49.6788138	18.5693598	335240	Střítež u Českého Těšína
49.1367305	17.0478271	335257	Nevojice
49.6811634	18.5037093	335349	Horní Tošanovice
49.0676430	18.0138828	335356	Bylnice
50.0719525	16.9294869	335422	Hanušovice
49.5133782	16.2484038	335554	Bystřice nad Pernštejnem
50.0802565	16.9640285	335620	Potůčník
49.5475680	16.1727507	335653	Rovné-Divišov
49.8775941	17.8759645	335745	Hradec nad Moravicí
49.5373063	16.1949299	335752	Rozsochy
49.8891822	17.8779974	335844	Branka u Opavy
49.3932234	17.6653344	335851	Bystřice pod Hostýnem
49.6475954	17.4084865	335927	Hlubočky
49.9887954	18.1131825	335943	Chuchelná
49.3709848	17.6317240	335950	Hlinsko pod Hostýnem
49.6130788	17.3944594	336024	Hlubočky-Mariánské Údolí
49.9632359	18.0730417	336040	Bolatice
49.4104703	17.7151478	336057	Loukov
49.6258329	17.4030602	336123	Hlubočky zastávka
49.9506231	18.0346008	336149	Štěpánkovice
48.9693005	17.2631505	336156	Bzenec
49.5210205	18.0166035	336222	Hostašovice
49.5901961	18.7545318	336248	Návsí (Nawsie)
48.9766873	17.2194895	336255	Vracov
49.5638651	18.7405999	336347	Bocanovice (Boconowice)
48.9419613	16.9585927	336354	Čejč
49.6377303	17.2016850	336420	Horka nad Moravou
50.2484214	17.5384337	336446	Jindřichov ve Slezsku
49.1890617	18.0580460	336529	Horní Lideč
49.7491462	18.1505138	336545	Jistebník
49.5289492	18.0683397	336628	Mořkov hlavní trať
49.8557795	18.5271698	336743	Karviná hlavní nádraží
49.8347464	18.5395068	336842	Karviná-Darkov
49.5072316	15.6551386	336859	Kamenná
49.1762784	18.0998757	336925	Střelná
50.2247321	17.0833681	337022	Horní Lipová
49.5954578	18.1470862	337048	Kopřivnice
49.6038321	18.1494918	337147	Kopřivnice zastávka
49.5652988	17.7421592	337220	Hranice na Moravě
49.5458407	17.7415914	337329	Hranice na Moravě město
49.5274964	17.7717683	337428	Černotín
49.2098605	17.5992883	337451	Zlín-Malenovice
49.6696651	17.4385553	337527	Hrubá Voda
49.9349665	18.0099851	337543	Kravaře ve Slezsku
49.2262602	17.6585683	337550	Zlín střed
49.6684111	17.4217244	337626	Hrubá Voda zastávka
49.9309496	18.0391625	337642	Kravaře-Kouty
49.2164059	17.6233098	337659	Zlín-Louky
50.3623579	17.1268978	337725	Velká Kraš
49.9321958	17.9456082	337741	Malé Hoštice
49.2258647	17.6915426	337758	Zlín-Podvesná
50.3382625	17.1251940	337824	Kobylá nad Vidnavkou
49.9381552	17.9695387	337840	Velké Hoštice
49.2197935	17.6403193	337857	Zlín-Prštné
49.9243403	18.0825330	337949	Dolní Benešov-Zábřeh
49.2209191	17.7154809	337956	Zlín-Příluky
48.9845456	15.8746353	338053	Grešlové Mýto
49.5236818	17.8643929	338129	Hustopeče nad Bečvou
49.0042897	15.8542223	338152	Blížkovice
49.5343477	17.8355749	338228	Milotice nad Bečvou
48.8413377	16.1643285	338251	Hodonice
49.5368215	17.8121913	338327	Špičky
48.8500300	16.1199184	338350	Dyje
48.8561564	17.1223321	338459	Hodonín
49.3272424	17.5708454	338558	Holešov
50.3949743	17.0155950	338624	Javorník ve Slezsku
49.3449235	17.6087741	338657	Dobrotice
50.3966861	17.0814983	338723	Bernartice u Javorníka
49.3220722	17.5416783	338756	Všetuly
50.3878255	17.1073524	338822	Horní Heřmanice
49.1799823	16.8244906	338855	Holubice
50.2275042	17.1935834	338921	Jeseník
50.0989893	16.9894351	339028	Jindřichov na Moravě
50.0889848	17.6832900	339044	Krnov
50.1163646	17.0055081	339127	Nové Losiny
50.0941360	17.7123440	339143	Krnov-Cvilín
48.7869570	16.9811794	339150	Hrušky zastávka
48.8102966	16.3832887	339259	Hrušovany nad Jevišovkou-Šanov
49.5348259	18.2953668	339341	Kunčice pod Ondřejníkem
50.0548541	17.0823893	339424	Loučná nad Desnou-Filipová
49.2918284	17.4074151	339440	Kroměříž-Oskol
50.0988743	17.1044631	339523	Kouty nad Desnou
49.0344786	16.5917077	339556	Hrušovany u Brna
50.0712411	17.0864992	339622	Loučná nad Desnou
49.0565954	16.5976572	339655	Vojkovice nad Svratkou
50.0886293	17.0911418	339721	Loučná nad Desnou-Rejhotice
49.6981655	18.3280076	339747	Lískovec u Frýdku
49.0111820	16.5950200	339754	Žabčice
49.8786116	17.0622520	339820	Libina
49.7953775	18.5870662	339846	Louky nad Olší
49.3164641	17.4767310	339853	Hulín
49.9079802	17.0385190	339929	Hrabišín
49.3496237	17.4552121	339952	Břest
49.3175727	17.5195084	340059	Třebětice
49.9292742	17.9348595	340141	Opava zastávka
50.1680802	17.5784039	340349	Město Albrechtice
49.6769427	16.7451680	340372	Chornice
49.5290594	17.5729994	340422	Lipník nad Bečvou
50.1255467	17.6380572	340448	Krásné Loučky
50.2283753	17.1308985	340521	Lipová Lázně
50.1364337	17.6140069	340547	Linhartovy
50.2446279	17.1433751	340620	Lipová Lázně jeskyně
50.2295894	17.1606358	340729	Lipová Lázně zastávka
49.1320434	16.6568156	340752	Brno-Chrlice
49.5242898	18.7515800	341040	Mosty u Jablunkova
49.3691952	17.3613195	341057	Chropyně
49.5096449	18.7515782	341149	Mosty u Jablunkova zastávka
49.4082002	17.4161885	341156	Věžky
49.9010551	18.3593228	341248	Bohumín
49.0980784	16.3726957	341255	Ivančice
49.9124683	18.4143582	341347	Dolní Lutyně
49.0990898	16.3825960	341354	Ivančice město
49.5987705	18.0086874	341446	Nový Jičín město
49.3061204	17.0873922	341453	Ivanovice na Hané
49.6113597	17.9934679	341545	Šenov u Nového Jičína
49.2916240	17.0596263	341552	Hoštice-Heroltice
49.6695760	17.8334860	341644	Odry
49.0943237	15.8656150	341651	Jaroměřice nad Rokytnou
49.0862369	15.8527341	341669	Bohušice
49.6850963	17.8093742	341701	Odry-Loučky
49.7136349	17.7580219	341743	Heřmánky
49.1222039	15.8325500	341750	Šebkovice
49.6968341	17.7886585	341842	Jakubčovice nad Odrou
49.0158183	15.5815910	341859	Jemnice
49.9344685	17.9080495	341941	Opava východ
49.9175544	17.9582417	342048	Opava-Komárov
49.9250272	17.9088110	342147	Kylešovice
49.4144538	15.5990365	342154	Jihlava
49.4037326	15.5836515	342253	Jihlava město
50.3024303	17.3201585	342329	Mikulovice
49.9385285	17.8886962	342345	Opava západ
50.0142906	17.5576211	342527	Milotice nad Opavou
49.9748752	17.8585998	342543	Vávrovice
50.0373155	17.5159887	342626	Kunov
50.0247788	17.5268221	342725	Nové Heřminovy
48.9340088	16.8815139	342758	Kobylí na Moravě
49.7766829	16.9430951	342824	Mohelnice
48.9471977	16.9058326	342857	Brumovice
50.2682098	17.7224544	342949	Osoblaha
49.1495103	15.8258046	342956	Kojetice na Moravě
49.7845282	17.4321821	343020	Moravský Beroun
50.2162356	17.6635418	343046	Amalín
49.3456117	17.3045570	343061	Kojetín
49.5979808	17.0703067	343129	Náměšť na Hané
50.2403701	17.7149908	343145	Bohušov
50.2257708	17.6547945	343244	Horní Povelice
49.3437360	17.2471520	343269	Měrovice nad Hanou
50.2280215	17.6990125	343343	Koberno
49.9458865	17.0344445	343525	Nový Malín
50.2121456	17.6835168	343541	Slezské Rudoltice
49.2158687	16.8993421	343558	Komořany u Vyškova
49.5928838	17.2782973	343624	Olomouc hlavní nádraží
49.8506705	18.2670720	343640	Ostrava hl.n.
49.1131373	17.1614748	343657	Koryčany
49.5941100	17.2414179	343723	Olomouc město
49.8090496	18.2967675	343749	Ostrava-Kunčičky
49.6024495	17.2364492	343822	Olomouc-Hejčín
49.8371453	18.2398132	343848	Ostrava-Mariánské Hory
49.5090733	17.0650384	343855	Kostelec na Hané
49.6166914	17.2239023	343921	Olomouc-Řepčín
49.8348433	18.2805485	343939	Ostrava-Stodolní
49.8291097	18.2825585	343947	Ostrava střed
49.5873127	17.2443315	344028	Olomouc-Nová Ulice
49.7905611	18.2908855	344143	Ostrava-Kunčice
49.7786515	18.3400288	344242	Ostrava-Bartovice
49.8211155	18.2093443	344341	Ostrava-Svinov
49.8422238	18.1956843	344440	Ostrava-Třebovice
49.7789838	18.1899914	344549	Polanka nad Odrou
49.2152628	15.8044570	344556	Krahulov
49.5376948	18.3934553	344648	Ostravice
49.1923638	16.2034959	344655	Kralice nad Oslavou
50.1836480	17.0507990	344721	Ostružná
49.3020525	17.4027474	344754	Kroměříž
50.1934737	17.0636239	344820	Ramzová
49.3320425	17.3388265	344853	Bezměrov
49.5504320	18.3804155	344945	Ostravice zastávka
49.2630708	17.3798415	344952	Jarohněvice
50.0093401	17.0313207	345124	Rapotín zastávka
49.7364188	18.3036466	345140	Paskov
49.3208868	17.3610715	345157	Postoupky
50.0004052	17.0300284	345223	Petrov nad Desnou
49.8937154	18.5499971	345249	Petrovice u Karviné
50.0148198	17.0329309	345322	Rapotín
49.8976008	18.5092863	345348	Závada
49.2499006	17.3638463	345355	Šelešovice
50.0318827	17.0423651	345421	Velké Losiny
49.5745259	17.8554807	345447	Polom
49.1434786	16.8248913	345454	Křenovice horní nádraží
50.0400552	17.0557239	345520	Velké Losiny zastávka
50.0250326	17.0373127	345538	Velké Losiny zámek
49.5835849	17.8002195	345546	Bělotín
49.1197613	16.7830233	345553	Hostěrádky-Rešov
50.2788227	17.2599592	345629	Písečná
49.1325823	16.8069551	345652	Zbýšov
50.2535574	17.2157583	345728	Česká Ves
49.6358279	18.1424591	345744	Příbor
49.3846707	16.0808811	345751	Křižanov
50.2865780	17.2748571	345827	Hradec-Nová Ves
49.7124160	18.6164342	345843	Ropice
49.3504369	16.1365342	345850	Ořechov
50.2597722	17.2275740	345926	Česká Ves bazén
49.6937665	18.5965415	345942	Ropice zálesí
49.0517311	17.4700640	345959	Kunovice
49.6761400	18.0896152	346080	Sedlnice
49.6561786	18.1289689	346148	Skotnice
49.4401627	17.8185175	346361	Kunovice-Loučka
49.5170107	17.5224037	346429	Osek nad Bečvou
49.4320976	17.7973224	346460	Rajnochovice
49.5032673	17.4847822	346528	Prosenice
49.3009927	16.5346371	346551	Kuřim
49.4473851	17.4453187	346627	Přerov
50.0182283	17.7771158	346643	Skrochovice
49.2851142	16.5662368	346650	Česká
49.4149761	17.4524595	346726	Horní Moštěnice
50.0004785	17.8038288	346742	Holasovice
49.0162210	17.1233551	346759	Kyjov
50.0492915	17.7550411	346841	Úvalno
49.0031275	17.1240043	346858	Kyjov zastávka
49.7073186	18.0668087	346940	Studénka
48.7325536	16.9625220	346957	Lanžhot
49.6381771	17.1453673	347021	Příkazy
48.7941142	16.8016836	347054	Lednice
49.6389016	17.1739534	347120	Skrbeň
48.7811007	16.8032944	347153	Lednice rybníky
49.5564523	16.5707648	347252	Letovice
49.5357371	16.5767073	347351	Letovice zastávka
49.6017061	16.5324711	347450	Rozhraní
49.0987463	17.7520761	347559	Luhačovice
50.0582782	16.9230397	347724	Hanušovice Holba
49.4603341	18.1346342	347823	Rožnov pod Radhoštěm
49.3695794	15.7099496	347856	Luka nad Jihlavou
49.4652452	18.0647423	347922	Střítež nad Bečvou
49.4022772	15.6315053	347955	Malý Beranov
49.4609813	18.0943255	348029	Zubří
49.6425064	17.9388691	348045	Suchdol nad Odrou
49.3629837	15.7347596	348052	Bítovčice
49.9838417	16.8887974	348128	Ruda nad Moravou
49.6797874	17.9510036	348144	Hladké Životice místní nádraží
49.2487053	16.9228644	348151	Luleč
49.9686329	16.8753543	348227	Bartoňov
49.6151771	17.9019185	348243	Jeseník nad Odrou
48.8279350	17.0619916	348250	Lužice
49.9298251	17.2842644	348326	Rýmařov
49.7149521	16.7243852	348375	Městečko Trnávka
49.9340762	17.3180129	348425	Jamartice
49.6357932	17.8756476	348441	Mankovice
48.8653182	16.0485732	348508	Znojmo nemocnice
49.9314729	17.3515626	348524	Velká Štáhle
49.9129688	18.0057730	348540	Štítina
48.8022487	16.6258751	348557	Mikulov na Moravě
49.6215939	17.0998684	348623	Senice na Hané
49.9093198	18.0318570	348649	Mokré Lazce
48.8129061	16.5543024	348656	Březí
49.5827493	18.1323753	348748	Štramberk
48.9352605	16.3621972	348755	Miroslav
49.6325259	17.0866511	348821	Senice na Hané zastávka
49.5646340	18.1306778	348847	Ženklava
48.9122186	16.3678800	348854	Dolenice
50.0176820	17.0666720	348920	Sobotín
50.1999669	17.5739642	348946	Třemešná ve Slezsku
50.2324662	17.6447384	349043	Dívčí Hrad
50.2235439	17.6087171	349142	Liptaň
49.8545667	16.5565524	349175	Anenská Studánka
50.0051782	17.0428925	349225	Petrov nad Desnou zastávka
49.6874739	18.6622850	349241	Třinec
49.7018874	18.6413604	349340	Třinec-Konská
49.7206624	17.2862836	349423	Šternberk
49.1338882	16.6062266	349456	Modřice
49.7584325	17.2351967	349522	Mladějovice
48.7997435	17.0219136	349555	Moravská Nová Ves
49.6845348	17.2849449	349621	Štarnov
49.9619376	16.9831313	349720	Šumperk
49.9768806	17.0138367	349829	Vikýřovice
49.5370061	18.1328957	349845	Veřovice
49.0850502	16.4291829	349852	Moravské Bránice
49.5300278	17.7482830	349928	Teplice nad Bečvou
49.0947194	16.4020471	349951	Ivančice letovisko
49.8048269	17.0763989	350025	Troubelice
49.7742545	17.7477231	350041	Vítkov
49.0573642	15.8094737	350058	Moravské Budějovice
49.8356967	17.0722892	350124	Nová Hradečná
49.7881098	17.7094657	350140	Čermná ve Slezsku
49.0342746	15.7252166	350157	Dědice
49.8252363	17.0665377	350223	Troubelice zastávka
49.7375569	17.7695428	350249	Klokočov
49.7411057	17.2686322	350322	Babice u Šternberka
49.7707093	18.3026196	350348	Vratimov
49.8011270	18.2622887	350447	Ostrava-Vítkovice
49.0367578	15.7644930	350553	Jackov
49.5508152	17.1179471	350629	Třebčín
49.0219580	15.6067298	350652	Lhotice u Jemnice
49.0239234	15.6872263	350751	Rácovice
49.0208984	15.6571177	350850	Třebelovice
49.0189331	15.8314021	350959	Vesce
49.0463841	16.3380434	351056	Moravský Krumlov
49.7789917	17.1159160	351122	Uničov
49.7752835	17.1846300	351221	Újezd u Uničova
48.9772972	17.3143448	351254	Moravský Písek
49.7775454	17.1448304	351320	Uničov zastávka
48.9909383	17.3297055	351353	Moravský Písek zastávka
49.2579330	17.9992674	351429	Valašská Polanka
48.9044924	17.0399060	351452	Mutěnice
48.9120998	17.0267597	351551	Mutěnice zastávka
49.4745077	17.9613005	351627	Valašské Meziříčí
49.2068374	16.1479577	351759	Náměšť nad Oslavou
49.4762448	18.0047338	351825	Hrachovec
49.4770202	17.9898741	351924	Krhová
49.5038392	17.9328271	352021	Lhotka nad Bečvou
49.0324976	17.3753748	352054	Nedakonice
49.4680400	18.0411958	352120	Zašová
49.4545803	16.3360180	352153	Nedvědice
49.9337962	17.4371250	352229	Valšov
49.4283461	16.3518298	352252	Doubravník
49.9183248	17.4018341	352328	Břidličná lesy
49.3446971	17.2165324	352351	Němčice nad Hanou
50.2843415	17.0948533	352427	Vápenná
49.1331672	17.1141745	352450	Nemotice
49.0882877	17.1131808	352559	Jestřabice
49.1491108	17.0803012	352658	Nesovice
49.1503870	17.1342617	352757	Brankovice
49.5932415	17.3451497	352823	Velká Bystřice
49.3358810	17.1612530	352856	Nezamyslice
49.5987946	17.3225273	352922	Bystrovany
49.3212823	17.1113794	352955	Chvalkovice na Hané
49.5975918	17.3645054	353029	Velká Bystřice zastávka
49.5018519	17.1976695	353425	Vrbátky
50.1177600	17.3876617	353623	Vrbno pod Pradědem
50.1050134	17.4394038	353722	Karlovice
50.0749861	17.4482589	353821	Pocheň
49.5683858	16.0803352	353854	Nové Město na Moravě
50.0520960	17.4843595	353920	Skrbovice
49.5649292	16.0601637	353953	Nové Město na Moravě zastávka
50.0666027	17.4734536	354027	Široká Niva
49.5616073	16.1238876	354050	Olešná na Moravě
50.1142152	17.3981820	354126	Vrbno pod Pradědem zastávka
48.8259270	16.4939528	354159	Novosedly
50.1076008	17.4277118	354225	Karlovice zastávka
48.8202885	16.4673214	354258	Jevišovka
48.8199253	16.5337518	354357	Dobré Pole
49.3354549	17.9940931	354423	Vsetín
49.2479639	15.7708281	354456	Okříšky
49.2227950	15.7583719	354555	Hvězdoňovice
48.9033525	15.9491330	354654	Olbramkostel
49.4231724	17.7422872	354753	Osíčko
49.1188575	16.3466388	354852	Oslavany
49.8721465	16.8870404	355024	Zábřeh na Moravě
49.4956605	15.9915841	355057	Ostrov nad Oslavou
49.9101406	16.9230287	355123	Postřelmov
49.2292646	17.6724843	355156	Zlín-Dlouhá
50.2594840	17.3833700	355222	Zlaté Hory
49.2076168	17.5846955	355255	Zlín-U mlýna
50.2629579	17.3538995	355321	Ondřejovice zastávka
49.8844059	16.8885512	355420	Zábřeh na Moravě zastávka
50.3079251	17.1024960	355727	Žulová
49.2025193	17.5316559	355750	Otrokovice
50.3227399	17.1077341	355826	Tomíkovice
49.2056004	17.5737742	355859	Zlín-Malenovice zastávka
48.8373126	16.8537048	356055	Podivín
48.8131961	16.8808591	356154	Ladná
48.8669808	16.8213363	356253	Rakvice
49.6005540	15.6571074	356378	Pohled
49.5972726	15.6828714	356477	Stříbrné Hory
48.9765443	16.5157864	356550	Pohořelice
48.7508152	16.8519292	356857	Poštorná
48.7597748	16.8424466	356956	Charvátská Nová Ves
49.4787052	17.1115789	357251	Prostějov místní nádraží
49.5699937	15.7429031	357376	Přibyslav
49.5790907	15.7179009	357475	Přibyslav zastávka
49.5663742	15.7739060	357574	Ronov nad Sázavou
49.5725046	16.9062958	357657	Křemenec
49.5552804	15.7985530	357673	Nížkov
49.5292290	16.9578407	357756	Ptení
49.4080888	16.6277047	358051	Rájec-Jestřebí
49.0848301	16.6053119	358150	Rajhrad
49.1033177	16.6056388	358259	Popovice u Rajhradu
49.0144440	16.3452933	358358	Rakšice
48.9879195	16.3558873	358457	Bohutice
49.1835979	16.2573104	358556	Rapotice
49.1784548	16.2913485	358655	Vysoké Popovice
48.8926737	17.1987762	358754	Rohatec
48.8832442	17.1784013	358853	Rohatec zastávka
49.1972970	16.8675465	359059	Rousínov
49.1861685	16.8393513	359158	Velešovice
49.4729269	16.2450001	359257	Rožná
49.4517463	16.2703373	359356	Věžná
49.3654389	16.3085586	359455	Řikonín
49.3790711	17.4536969	359562	Říkovice
49.5626813	15.8477808	359653	Sázava u Žďáru
49.9852880	17.0197641	359729	Vikýřovice-Lesní
49.1080824	16.4628769	359752	Silůvky
49.9668675	17.0037823	359828	"Vikýřovice, u penzionu"
49.4797967	16.6098504	359851	Skalice nad Svitavou
49.4393152	16.6215154	359950	Doubravice nad Svitavou
49.4996680	16.5986700	360057	Svitávka
49.5211442	16.5838901	360156	Zboněk
49.4371313	16.0541631	360552	Sklené nad Oslavou
49.4680108	16.0154110	360651	Laštovičky
49.1448679	16.8736951	361055	Slavkov u Brna
49.1450184	16.9351583	361154	Křižanovice
49.1082302	16.7335320	361253	Sokolnice-Telnice
49.1071713	16.7456655	361352	Újezd u Brna
49.0760914	17.4230487	361451	Staré Město u Uherského Hradiště
49.0526617	17.3969743	361550	Kostelany nad Moravou
49.1951245	15.8042871	361659	Stařeč
48.9366627	17.2896398	361758	Bzenec přívoz
49.1539370	16.4841359	361857	Střelice
49.1565284	16.5061849	361865	Střelice dolní
49.3054526	15.9505301	361956	Vlčatín
49.1343224	16.4618093	362053	Radostice
49.1632432	16.5255887	362152	Troubsko
49.2224600	16.0690360	362251	Studenec
48.9127865	16.7065539	362459	Šakvice
48.9243284	16.6680246	362558	Popice
48.9420505	16.6304682	362657	Pouzdřany
48.8207942	16.0442922	362749	Znojmo-Nový Šaldorf
48.7808577	16.0260818	362756	Šatov
49.5541960	16.6995906	362855	Šebetov
49.5878872	16.7051054	362954	Cetkovice
49.5346245	16.6894722	363051	Knínice u Boskovic
49.1569132	16.7296932	363457	Šlapanice
49.1545103	16.7481357	363556	Ponětovice
48.9230771	15.8740514	363655	Šumná
49.1719829	16.4088650	363754	Tetčice
49.1610999	16.4468310	363853	Omice
49.3471840	16.4185640	363952	Tišnov
49.4011614	16.3661152	364059	Borač
49.3195236	16.4658036	364158	Čebín
49.3566100	16.3483757	364257	Dolní Loučky
49.3345667	16.4373012	364356	Hradčany
49.4189706	16.3669978	364554	Prudká zastávka
49.3731028	16.3896901	364653	Štěpánovice
49.2540450	17.5013205	364752	Tlumačov
49.2914372	17.4912721	364851	Záhlinice
49.2118141	15.9821153	365353	Vladislav zastávka
49.1544134	18.0426226	365452	Poteč
49.2114833	15.8844310	365551	Třebíč
49.2088925	15.8528481	365650	Třebíč-Borovina
49.0668629	17.4575031	365759	Uherské Hradiště
49.0300250	17.7237910	366252	Šumice
49.1423727	18.0225516	366351	Valašské Klobouky
49.1657887	18.0632686	366450	Valašské Příkazy
48.7477601	16.7429882	366559	Valtice
48.7744278	16.6992296	366658	Sedlec u Mikulova
48.7485741	16.7622125	366757	Valtice město
49.3457648	16.0218745	366856	Velké Meziříčí
49.6114077	16.6907376	367557	Velké Opatovice
48.8898329	16.8233109	367656	Velké Pavlovice
48.9161943	16.8501514	367755	Bořetice
48.9016385	16.8222364	367854	Velké Pavlovice zastávka
48.9490308	17.3821548	367953	Veselí nad Moravou
49.2200846	17.8429245	368050	Vizovice
49.2158803	17.8086160	368159	Zádveřice
48.9880294	17.1666004	368357	Vlkoš
49.3226777	16.2132939	368456	Vlkov u Tišnova
49.3365812	16.2705697	368555	Níhov
49.3297527	16.1681239	368654	Osová Bítýška
48.9638139	16.6051211	368753	Vranovice
49.2784123	16.9919145	368951	Vyškov na Moravě
48.8894007	16.7813802	369058	Zaječí
49.1876144	16.3588463	369157	Zastávka u Brna
49.1787160	16.3838594	369256	Rosice u Brna
49.2288784	17.3156274	369355	Zdounky
49.2533996	17.2830513	369454	Zborovice
48.8528301	16.0586768	369553	Znojmo
48.8788662	15.9773736	369652	Citonice
49.2463107	17.2897162	369850	Zborovice zastávka
49.5541842	15.9394144	370155	Žďár nad Sázavou
49.5555656	16.0032673	370254	Veselíčko
49.5673384	15.8968907	370353	Hamry nad Sázavou
49.5619091	16.0332946	370452	Radňovice
49.2196349	17.7441508	370650	Želechovice nad Dřevnicí
48.8717116	17.2433368	370858	Sudoměřice nad Moravou
48.8976864	17.3184808	370957	Strážnice
48.8790283	17.2737799	371054	Petrov u Strážnice
48.9307400	17.3476992	371153	Vnorovy
48.9406127	17.4396506	371252	Blatnice pod svatým Antonínkem
48.9096243	17.4578929	371351	Lipov
48.8789790	17.5109012	371450	Velká nad Veličkou
48.9123657	17.4842861	371559	Louka u Ostrohu
48.8609525	17.5206840	371757	Javorník nad Veličkou zastávka
48.9371986	17.3614232	372052	Veselí nad Moravou-Zarazice
50.0835943	14.6150356	530063	Praha-Běchovice střed
50.1401053	15.2636622	530113	Dobšice nad Cidlinou
50.2824571	14.5849755	530147	Všetaty
50.0822727	14.5981792	530162	Praha-Běchovice
50.3533665	14.4918092	530188	Mělník
50.1301287	15.2411264	530212	Sány
50.2427472	14.6344190	530246	Dřísy
50.1526513	15.4073738	530303	Převýšov
50.2536513	14.6144109	530345	Ovčáry
50.0884512	14.5686746	530360	Praha-Dolní Počernice
50.1459808	15.3291717	530402	Choťovice
50.2096457	14.6922699	530444	Stará Boleslav
50.0747548	14.7230354	530469	Úvaly
50.1633770	15.4574566	530501	Chlumec nad Cidlinou
50.0871318	14.6635326	530568	Praha-Klánovice
50.1502184	15.5021909	530600	Nové Město nad Cidlinou
50.0767294	14.8666360	530667	Český Brod
50.1549136	15.5612682	530709	Káranice
50.0770206	14.7705930	530766	Tuklaty
50.1594907	15.6569084	530808	Dobřenice
50.0786065	14.8045744	530865	Rostoklaty
50.5107721	14.2674815	530899	Polepy
50.1575452	15.6109522	530907	Kratonohy
50.1112952	14.9224047	530964	Poříčany
50.1667521	15.6964004	531004	Lhota pod Libčany
50.0942911	14.9037445	531061	Klučov
50.1749106	15.7317980	531103	Praskačka
50.1954776	14.8428770	531145	Lysá nad Labem
50.0897220	15.0275990	531160	Pečky
50.2144692	15.8105901	531202	Hradec Králové hlavní nádraží
50.0994410	14.9847230	531269	Tatce
50.5262022	14.0804457	531293	Velké Žernoseky
50.5641438	14.0408420	531392	Libochovany
50.2218333	15.8596814	531400	Hradec Králové-Slezské Předměstí
50.2224093	15.8412394	531509	Hradec Králové zastávka
50.0676224	15.1252148	531566	Velim
50.6582066	14.0297497	531590	Ústí nad Labem západ
50.2001961	15.9824587	531608	Třebechovice pod Orebem
50.0780480	15.0789529	531665	Cerhenice
50.2146880	15.9360105	531707	Blešno
50.0549851	15.1507850	531764	Nová Ves u Kolína
50.6594342	14.0445164	531798	Ústí nad Labem hlavní nádraží
50.1548444	16.0736745	531806	Týniště nad Orlicí
50.1737235	16.0461073	531905	Petrovice nad Orlicí
50.6642849	14.0814307	531996	Ústí nad Labem sever
50.1284958	16.1735483	532002	Častolovice
50.6498817	14.0485712	532093	Ústí nad Labem-Střekov
50.1303734	16.1473511	532101	Čestice
50.1276219	16.1904724	532200	Častolovice zastávka
49.9275426	14.2882035	532267	Dobřichovice
49.9329587	14.3054014	532366	Všenory
50.1166251	16.2241230	532408	Kostelec nad Orlicí
49.9461908	14.3304388	532465	Černošice-Mokropsy
50.6329814	13.9879341	532499	Koštov
50.1198660	16.2050773	532507	Kostelec nad Orlicí město
49.9859071	14.3642264	532564	Praha-Radotín
50.1094127	16.2587776	532606	Doudleby nad Orlicí
49.9595112	14.3234546	532663	Černošice
50.6463484	13.8294777	532895	Teplice v Čechách
50.1016717	15.1935841	533141	Velký Osek
50.6396209	13.7639240	533190	Oldřichov u Duchcova
50.6175126	13.7548994	533398	Duchcov
50.6013501	13.7717427	533497	Želénky
50.5754780	13.7844990	533596	Chotějovice
50.5108663	13.6581666	533992	Most
50.5232008	13.5799150	534099	Třebušice
50.0253511	15.2144986	534149	Kolín
50.0308023	15.1949842	534248	Kolín zastávka
50.0373806	15.2100674	534347	Kolín-Zálabí
50.5104557	13.4857975	534594	Kyjice
50.0893984	16.7209320	534602	Dolní Lipka
50.0990652	16.7538777	534701	Prostřední Lipka
50.0376999	15.3596863	534743	Týnec nad Labem
50.1048484	16.7838204	534800	Červený Potok
50.0116912	15.2338504	534842	Kolín dílny
50.4566019	13.3992913	534891	Chomutov
50.0806470	16.7564431	535005	Králíky
50.0394159	15.5743193	535138	Přelouč
50.1280672	14.1134892	535161	Kladno
50.3850478	13.1963121	535195	Klášterec nad Ohří
50.0470959	16.7464801	535203	Červená Voda
50.0258638	16.7530898	535302	Moravský Karlov
50.0173026	16.7476122	535401	Bílá Voda
50.0038233	16.7480261	535500	Mlýnický Dvůr
50.0904973	16.8492882	535807	Podlesí
50.0874674	16.9001676	535906	Vlaské
50.3083002	13.3321574	535997	Vilémov u Kadaně
50.1615284	14.1148996	536060	Kladno-Švermov
50.0317084	15.7560881	536136	Pardubice hlavní nádraží
50.0942799	14.2117128	536367	Jeneč
50.0128773	15.8975538	536532	Kostěnice
50.0838432	14.2583234	536565	Hostivice
50.0023067	15.9459505	536730	Moravany
49.9949300	16.1083845	536938	Zámrsk
50.3360145	13.9591469	537076	Peruc
50.6265699	16.2424927	537100	Meziměstí
50.3958692	13.4210638	537191	Březno u Chomutova
50.2849557	14.0782171	537563	Zlonice
50.2825351	14.0920927	537662	Zlonice zastávka
50.3365927	13.5551662	537795	Žatec
50.3381207	13.5351093	537894	Žatec západ
49.9937377	16.2232836	538132	Choceň
50.4731251	16.1770750	538207	Hronov
50.0002795	16.2838866	538439	Brandýs nad Orlicí
49.9713649	16.3779821	538637	Ústí nad Orlicí
49.9685599	16.3954148	538736	Ústí nad Orlicí město
50.3951098	16.1217024	538801	Václavice
50.3281195	16.0959524	539106	Bohuslavice nad Metují
49.8970763	16.4466776	539130	Česká Třebová
50.3345060	16.1056015	539205	Černčice
50.2327366	14.2451973	539262	Olovnice
49.8579246	16.4972459	539338	Třebovice v Čechách
50.3121032	16.0796805	539403	Bohuslavice nad Metují zastávka
50.2317505	14.2836917	539460	Kralupy nad Vltavou předměstí
49.8729573	16.7739939	539833	Hoštejn
50.2893333	16.1525570	540104	Dobruška
49.9618569	15.3003929	540146	Kutná Hora hlavní nádraží
50.4856448	13.4477706	540195	Jirkov zastávka
49.9151159	15.3945738	540443	Čáslav
50.0641786	14.2977628	540468	Praha-Zličín
50.0972208	16.0859592	540500	Borohrádek
49.8718219	15.4429228	540542	Horky u Čáslavi
50.0648063	16.1358466	540708	Čermná nad Orlicí
50.0318287	16.1788815	540807	Újezd u Chocně
49.8366315	15.4677538	540831	Golčův Jeníkov
49.8216949	15.4730323	540930	Golčův Jeníkov město
49.7838017	15.4039050	541037	Nová Ves u Leštiny
49.8044362	15.4048902	541045	Vlkaneč
49.7611628	15.3984952	541136	Leština u Světlé
49.7298781	15.3986054	541235	Sázavka
50.4169598	14.2530971	541276	Roudnice nad Labem-Hracholusky
49.6701950	15.4170613	541334	Světlá nad Sázavou
50.0996103	14.4394970	541367	Praha-Bubny Vltavská
50.4216723	14.2587307	541375	Roudnice nad Labem město
49.6510871	15.4562097	541433	Pohleď
49.6904430	15.4242064	541532	Světlá nad Sázavou-Josefodol
50.1175906	16.2823290	541607	Vamberk
50.3800593	14.1410404	541771	Martiněves u Libochovic
49.6304897	15.4877136	541938	Okrouhlice
49.6145085	15.5390975	542035	Havlíčkův Brod-Perknov
50.7613941	15.0468351	542126	Liberec
49.5991813	15.5881118	542134	Havlíčkův Brod
50.6935736	13.7236978	542191	Mikulov v Krušných horách
50.7020403	13.7020564	542399	Mikulov-Nové Město
49.6100230	15.6140670	542530	Pohledští Dvořáci
50.4265504	14.2637508	542571	Roudnice nad Labem
49.5794974	15.6182471	542639	Mírovka
50.4375530	14.2968526	542670	Dobříň
50.6677103	15.1000366	542720	Hodkovice nad Mohelkou
50.4285278	14.2814437	542779	Roudnice nad Labem-Bezděkov
50.4526776	14.3616386	542878	Hněvice
50.4565221	14.3250668	542977	Záluží
50.5873457	15.1388552	543009	Turnov
50.3888608	14.4365745	543066	Dolní Beřkovice
49.8151736	16.4862232	543132	Opatov
50.4227982	14.3863141	543165	Horní Počaply
50.5586356	15.0567115	543215	Loukov u Mnichova Hradiště
50.3352100	14.3716220	543264	Vraňany
50.5791042	15.0786597	543322	Příšovice
49.7594491	16.4794493	543330	Svitavy
50.3665748	14.4190940	543363	Cítov
50.5455976	15.0360647	543413	Březina nad Jizerou
49.7925635	16.4870667	543439	Svitavy-Lačnov
50.5183763	14.9783026	543512	Mnichovo Hradiště
50.3199695	14.3489833	543561	Mlčechvosty
50.4720622	14.9231465	543611	Bakov nad Jizerou
50.2835208	14.3087996	543660	Nelahozeves
50.4789842	14.9390342	543710	Bakov nad Jizerou město
50.3021707	14.3168727	543769	Nové Ouholice
50.2629061	14.3025037	543868	Nelahozeves zámek
50.2385412	14.3134087	543967	Kralupy nad Vltavou
50.2400326	14.3378328	544064	Chvatěruby
50.2148644	14.5075496	544262	Zlonín
50.1997801	14.3644193	544361	Libčice nad Vltavou
50.4476343	14.8872825	544411	Mladá Boleslav-Debř
50.2247021	14.3484751	544460	Dolany nad Vltavou
50.1894424	14.3727087	544569	Libčice nad Vltavou-Letky
50.1599345	14.3984616	544668	Roztoky u Prahy
50.1791179	14.3552607	544767	Řež
50.3398199	14.8101816	544817	Chotětov
50.1700659	14.3519316	544866	Úholičky
50.1679911	14.3647609	544965	Roztoky-Žalov
50.3071551	14.6564531	545111	Kojovice
50.3154347	14.7861034	545210	Zdětín u Chotětova
50.3235431	14.7012750	545319	Kropáčova Vrutice
50.3169556	14.6702127	545418	Košátky
50.3058334	14.6038574	545517	Byšice
50.9247187	15.2244289	545624	Nové Město pod Smrkem
50.9589299	15.2541673	545723	Jindřichovice pod Smrkem
50.9518987	15.1975472	545822	Horní Řasnice
50.9591132	15.2281524	545921	Jindřichovice pod Smrkem-Skanzen
50.3612962	13.8232110	545996	Louny
50.9288495	15.1976225	546028	Hajniště
50.2562762	14.3764231	546069	Úžice
50.9394504	15.1633451	546127	Řasnice zastávka
50.0455637	15.7428026	546135	Pardubice-Rosice nad Labem
50.9389745	15.1510852	546226	Řasnice
50.9377611	15.1285880	546325	Krásný Les
50.9307754	15.1091270	546424	Krásný Les bažantnice
50.1834890	14.6552195	546465	Brandýs nad Labem
50.9189245	15.0731964	546523	Frýdlant v Čechách
49.9482418	15.7867546	546531	Chrudim
50.9268454	15.0764953	546622	Frýdlant v Čechách předměstí
50.2625417	14.5174506	546861	Neratovice
49.9013161	15.9108839	546937	Chrast u Chrudimi
49.8821662	15.9116820	547133	Horka u Chrudimi
50.2372887	14.4993063	547166	Kojetice u Prahy
50.6085288	13.9361569	547190	Brozánky
50.2046250	14.5135623	547265	Měšice u Prahy
50.6169461	13.9696498	547299	Stadice
50.1805043	14.5276461	547364	Hovorčovice
50.1230219	14.5708034	547661	Praha-Satalice
50.1580282	14.7542483	547760	Čelákovice
50.1560417	15.7837684	548107	Opatovice nad Labem
49.8263060	15.9784260	548131	Žďárec u Skutče
50.5544122	13.7722997	548198	Bílina
50.8794605	15.1848273	548321	Hejnice
50.8759233	15.2060885	548529	Bílý Potok pod Smrkem
49.7666971	15.9016053	548537	Hlinsko v Čechách
50.8325860	15.0650141	548628	Mníšek u Liberce
50.7699103	15.3656799	549121	Kořenov
49.7117191	15.6837156	549238	Chotěboř
50.0322548	14.3094920	549261	Praha-Řeporyje
50.7434137	15.3113566	549527	Tanvald
50.0338963	14.5914024	549568	Praha-Uhříněves
50.0138066	14.6260858	549766	Praha-Kolovraty
50.7370155	15.3052613	549824	Tanvald zastávka
49.9974063	14.6640482	549865	Říčany
50.7348015	15.2804126	549923	Smržovka dolní nádraží
49.9702016	14.6579746	549964	Světice
49.9494991	14.6779555	550061	Strančice
50.7319205	15.2548468	550129	Smržovka střed
49.8377845	15.9949050	550137	Skuteč
49.9331230	14.7066051	550160	Mnichovice
50.7402006	15.2438627	550228	Smržovka
49.8243277	16.0185247	550236	Předhradí
49.8970963	14.7276172	550269	Senohraby
49.9097930	14.7206495	550368	Mirošovice u Prahy
50.7715764	15.2493934	550426	Antonínov
49.8505052	14.7016531	550467	Čerčany
49.8615296	14.6994348	550566	Pyšely
49.7187329	16.2640066	550632	Polička
49.8325086	14.6979876	550665	Mrač
50.7395254	15.2255658	550723	Lučany nad Nisou
49.7429703	16.1615437	550731	Borová u Poličky
50.7210876	15.1609453	550921	Jablonec nad Nisou
49.7797683	14.6826261	551069	Benešov u Prahy
50.7263692	15.1490146	551127	Jablonec nad Nisou dolní nádraží
49.7419753	14.6670931	551168	Bystřice u Benešova
50.6254880	13.8628133	551192	Bystřany v Čechách
49.6983782	14.6522095	551267	Tomice
50.6092558	13.8784995	551390	Úpořiny
50.6057384	13.8593908	551499	Lbín
50.7533652	15.0329001	551523	Liberec-Horní Růžodol
50.7738691	14.9837900	551721	Karlov pod Ještědem
50.7512248	14.9185555	551820	Křižany
49.8748536	16.3041564	552133	Litomyšl
50.7811200	14.7877682	552323	Lvová
49.9056358	16.2060249	552539	Cerekvice nad Loučnou
49.9009811	16.2188146	552638	Cerekvice nad Loučnou zastávka
49.4723558	14.6692441	552760	Chotoviny
50.6517926	15.3278371	552802	Jesenný
50.6341183	15.3007972	552901	Spálov
50.7350255	15.2495595	552927	Smržovka-Luční
49.9085950	16.6033132	553537	Lanškroun
50.4902984	15.3032277	553909	Libuň
49.8720293	15.5762511	554139	Třemošnice
49.8684501	14.7139523	554162	Čtyřkoly
50.4305040	15.3612725	554204	Jičín
50.3987050	14.0126087	554592	Dubany
49.9056690	15.4607290	554840	Skovice
50.0697080	15.9926572	555136	Holice
50.0818845	16.0342886	555235	Holice zastávka
49.9705275	14.3996798	555367	Praha-Zbraslav
49.9574834	15.7940455	555532	Chrudim město
49.9775181	15.8624433	555730	Úhřetice
50.3564742	15.6348603	555805	Hořice v Podkrkonoší
50.3459185	15.6097390	555904	Dobrá Voda u Hořic
50.7952770	14.2330500	556092	Děčín-Prostřední Žleb
50.7851085	14.2095560	556290	Děčín-Přípeř
50.8464371	14.2151573	556399	Dolní Žleb
50.7734783	14.2012960	556597	Děčín hlavní nádraží
50.7752427	14.2235709	556894	Děčín východ
49.9512384	15.6588816	557132	Heřmanův Městec
50.7161669	14.1912526	557397	Dobkovice
49.9894266	15.6426623	557439	Choltice
50.7237142	14.1861469	557496	Choratice
50.7474082	14.1809703	557595	Vilsnice
50.6706571	14.1568211	557694	Povrly
50.5268403	15.3740069	557801	Lomnice nad Popelkou
50.6874577	14.1872749	557892	Povrly-Roztoky
49.8396405	14.5769542	557967	Chrást nad Sázavou
50.6721482	14.1063313	557991	Neštěmice
50.6787107	14.1250861	558098	Mojžíř
49.5348823	15.3481891	558130	Humpolec
50.5729651	14.0363955	558197	Prackovice nad Labem
50.5968674	14.0483700	558296	Dolní Zálezly
49.5242300	15.4351497	558338	Kamenice u Humpolce
50.5588096	14.0333628	558395	Litochovice nad Labem
50.5096914	14.0595830	558593	Lovosice
50.5217262	14.0454935	558791	Lovosice město
50.5189178	14.0423523	558890	Lovosice zastávka
50.5384675	14.0564065	558999	Malé Žernoseky
50.4913108	14.1494553	559096	Bohušovice nad Ohří
50.4413971	15.1322705	559112	Dolní Bousov
50.4852050	14.1740932	559195	Hrdly
50.5030104	14.0922396	559294	Lukavec
49.8700182	14.8062504	559369	Chocerady
50.4973047	14.1201906	559393	Nové Kopisty
50.4581025	14.2297566	559492	Hrobce
50.4777606	14.1941365	559591	Oleško
50.4192286	14.9161291	559914	Mladá Boleslav město
50.7337186	14.1879097	560094	Boletice nad Labem
50.7665747	14.2147878	560193	Děčín-Staré Město
50.7570645	14.2042255	560391	Křešice u Děčína
50.6643501	14.1464007	560599	Velké Březno
50.6719753	14.1685533	561191	Malé Březno nad Labem
50.6621739	14.0988399	561498	Svádov
50.6960847	14.2031108	561597	Těchlovice
49.6981538	15.2700598	561951	Ledeč nad Sázavou
50.7958183	14.4138754	562991	Česká Kamenice
50.3339955	15.2605461	563007	Kopidlno
50.3604670	15.3246559	563205	Bartoušov
49.8654948	15.2204603	563262	Bahno
50.3550498	15.3111667	563601	Bartoušov zastávka
50.9569277	14.5507669	564591	Rumburk
50.9518015	14.4387387	564690	Brtníky
50.4262590	15.5772519	564807	Lázně Bělohrad
50.9832939	14.2833390	565291	Dolní Poustevna
50.9970558	14.3007666	565390	Horní Poustevna
50.6340357	15.1917838	565523	Malá Skála
50.6398053	15.2651684	565820	Železný Brod
50.6034428	15.3237451	565903	Semily
50.5688205	15.4036647	566109	Košťálov
51.0062948	14.4615597	566190	Šluknov
50.5160936	15.4870843	566406	Stará Paka
50.4137318	15.7983900	567404	Dvůr Králové nad Labem
50.8427572	14.5706143	567594	Jedlová
50.3420340	15.9099307	567701	Jaroměř
50.7416962	14.5223815	567990	Skalice u České Lípy
50.6771592	14.5326057	568097	Česká Lípa - hlavní nádraží
50.2525470	15.8182271	568600	Předměřice nad Labem
50.5272737	14.6744460	568790	Okna
50.1652837	15.7888882	568808	Opatovice nad Labem-Pohřebačka
50.5160992	14.7293918	568899	Bezděz
50.1043434	15.7576103	568907	Stéblová
50.1314234	15.7699474	569004	Čeperka
50.5836952	15.6225766	569400	Kunčice nad Labem
50.5474151	15.6964877	569806	Prosečné
50.0277133	14.4065333	570168	Praha-Braník
50.5649935	15.9108438	570200	Trutnov hlavní nádraží
50.1123546	14.3955999	570275	Praha-Podbaba
50.5790038	15.9584751	570309	Trutnov-Poříčí
50.5776059	15.9454074	570408	Trutnov střed
50.5779061	15.9606962	570507	Trutnov zastávka
50.0969717	14.3995609	570663	Praha-Dejvice
50.0830349	14.4361450	570762	Praha hlavní nádraží
50.0548886	14.5378599	570960	Praha-Hostivař
50.5609540	15.8875815	571000	Trutnov-Volanov
50.7121643	15.4231369	571109	Rokytnice nad Jizerou
50.0645853	14.3623884	571166	Praha-Cibulka
50.6815428	14.6356465	571299	Zákupy
50.0622008	14.3460571	571463	Praha-Stodůlky
50.0342236	14.4459764	571562	Praha-Krč
50.6043389	15.5138460	571604	Jilemnice
50.1006911	14.5022882	571760	Praha-Libeň
50.6271518	15.4841318	571802	Víchová nad Jizerou
50.6233377	15.5014461	571901	Hrabačov
50.6186721	15.6226139	572008	Vrchlabí
50.0841721	14.3121812	572065	Praha-Ruzyně
50.7692774	14.7582201	572099	Jablonné v Podještědí
50.6216919	15.8201905	572206	Svoboda nad Úpou
50.0609378	14.4081638	572263	Praha-Smíchov
50.6070875	15.8407907	572305	Mladé Buky
50.0877565	14.4341890	572362	Praha Masarykovo nádraží
50.6001895	15.8727443	572404	Kalná Voda
50.5908025	15.8818118	572503	Trutnov-Staré město
50.1106578	14.4397509	572560	Praha-Holešovice
50.0949203	14.3461337	572669	Praha-Veleslavín
50.0646620	14.4478477	572768	Praha-Vršovice
50.0419834	14.4622905	572875	Praha-Kačerov
50.5808178	15.8882340	572909	Trutnov-Zelená Louka
50.0675402	14.4908997	573063	Praha-Strašnice zastávka
50.1122895	14.4974889	573162	Praha-Vysočany
50.1489310	14.5193465	573360	Praha-Čakovice
50.5869984	16.0847731	573402	Janovice u Trutnova
50.0480871	14.5654845	573469	Praha-Horní Měcholupy
50.6154550	16.1242687	573501	Adršpach
50.1352803	14.5559133	573568	Praha-Kbely
50.0972331	14.5443397	573667	Praha-Kyje
50.0039551	14.4029246	573865	Praha-Modřany zastávka
50.0070571	14.3881645	573964	Praha-Velká Chuchle
50.4110916	16.1006648	574806	Starkoč
50.3955923	16.0537266	575001	Česká Skalice
50.8556642	14.8465159	575225	Hrádek nad Nisou
50.0615530	15.7479199	576009	Pardubice-Semtín
50.7669280	14.1956536	580043	Děčín západ
50.0631640	14.4067061	584862	Praha-Smíchov severní nástupiště
50.2093124	12.2009150	730051	Aš
50.2189698	12.1834191	730150	Aš město
49.5099359	14.0345523	730226	Mirovice
50.2293228	12.1741783	730259	Aš předměstí
49.9574293	14.0764438	730747	Beroun
49.3129654	14.1357956	730929	Písek zastávka
49.2444925	14.1394642	731224	Heřmaň
49.7833003	13.7396267	731752	Mýto
49.7517938	13.5110834	732255	Ejpovice
49.7853825	13.4976463	732453	Chrást u Plzně
49.7584368	13.4159239	732651	Plzeň-Doubravka
49.7436822	13.3877984	732750	Plzeň hlavní nádraží
48.9745823	14.4885748	732826	České Budějovice
49.0324707	14.4201410	733022	Hluboká nad Vltavou
49.0650593	14.3622816	733121	Zliv
49.0896650	14.3266026	733220	Zbudov
49.1064061	14.3011145	733329	Dívčice
49.1250102	14.2648118	733428	Záblatíčko
50.0897267	13.2069145	733451	Protivec
49.1536415	14.2218145	733527	Číčenice
49.1726708	14.2206316	733626	Milenovice
49.1963322	14.2224920	733725	Protivín zastávka
49.2129350	14.2106485	733824	Protivín
49.2238791	14.1644048	733923	Skály
49.2365089	14.1359582	734020	Heřmaň obec
49.2446188	14.1086348	734129	Ražice
50.0506654	12.9914386	734152	Toužim
49.2493987	14.0571149	734228	Sudoměř u Písku
49.2515434	14.0158684	734327	Čejetice
49.2564955	13.9761903	734426	Modlešovice
50.2548305	12.8865371	734459	Dalovice
50.2678704	12.8911686	734558	Sadov
50.2756369	12.8807595	734657	Sadov-Podlesí
50.2931067	12.8773941	734756	Velký Rybník
50.3067797	12.8689250	734855	Hroznětín
50.3129128	12.8614434	734954	Hroznětín zastávka
50.3268389	12.8648441	735050	Merklín
49.1239191	14.6034399	735126	Neplachov
49.4352397	12.9433034	735159	Domažlice
49.1674825	14.6669159	735324	Horusice
49.4201988	12.8396983	735555	Trhanov
49.2554067	14.7256832	735720	Soběslav
49.3217324	14.7174902	735928	Doubí u Tábora
49.3531406	14.7065955	736025	Planá nad Lužnicí
49.3795431	14.6973651	736124	Sezimovo Ústí
49.3930373	14.6930596	736132	Tábor-Čápův Dvůr
49.4139552	14.6767603	736223	Tábor
48.7696648	14.9578871	736322	České Velenice
48.8118907	14.9230693	736421	Nová Ves nad Lužnicí
49.2951753	13.4358261	736652	Kolinec
48.8922150	14.8803398	736728	Suchdol nad Lužnicí zastávka
49.2847161	13.3441000	736850	Nemilkov
49.4014699	13.2741805	737452	Klatovy
49.3812161	13.2375432	737551	Bezděkov u Klatov
49.1451243	14.1800109	737627	Vodňany
49.3524280	13.2036530	737650	Janovice nad Úhlavou
49.1263901	14.0839587	737924	Bavorov
49.0151405	14.0084318	738328	Prachatice
49.3311746	13.7387745	738658	Horažďovice předměstí
49.3458701	13.7006042	738757	Velký Bor
49.3701030	13.6655244	738856	Jetenovice
49.3913786	13.6203133	738955	Pačejov
49.4137243	13.6129497	738963	Kovčín
49.4383921	13.6105286	739052	Nekvasovy
48.9072502	13.8832104	739128	Volary
49.4620248	13.6083546	739151	Mileč
48.8770814	13.8615858	739227	Dobrá na Šumavě
49.4976070	13.6088141	739250	Nepomuk
48.8608487	13.8610500	739326	Černý Kříž
49.5246670	13.5917670	739359	Srby
48.8585550	13.8207980	739425	Stožec
49.5507871	13.5739456	739458	Ždírec u Plzně
48.8292305	13.7937424	739524	Nové Údolí
49.5812151	13.5313423	739557	Blovice
49.6064769	13.5170085	739656	Zdemyslice
49.6693924	13.5033793	739755	Šťáhlavy
49.6954641	13.4781767	739854	Starý Plzenec
49.1605386	14.2743173	739920	Záboří u Číčenic
49.7245493	13.4187269	739953	Plzeň-Koterov
49.1506652	14.2433952	740027	Újezdec u Číčenic
50.1241773	12.3552147	740050	Františkovy Lázně
49.1644964	14.2928037	740126	Chvalešovice
49.1834626	14.3110498	740225	Lhota pod Horami
49.1956571	14.3465591	740324	Temelín
50.2110530	12.3448204	740357	Plesná
49.2134158	14.3920508	740423	Bohunice
49.2232971	14.4085217	740522	Týn nad Vltavou
49.8062646	13.5278227	741157	Sedlecko
49.8262525	13.5765977	741355	Stupno
49.8583883	13.5965009	741553	Radnice
48.8914177	14.6420650	741629	Borovany
50.1156298	12.8482787	743153	Krásný Jez
50.1238269	12.8490369	743161	Krásný Jez zastávka
49.1488962	15.0526878	743724	Jindřiš
49.1458325	15.0616897	743732	Jindřiš zastávka
49.1398685	15.0918306	743823	Blažejov
49.1435900	15.1144162	743922	Malý Ratmírov
49.1342471	15.1348486	744029	Střížovice
49.9571452	12.6947588	744052	Mariánské Lázně
49.1120656	15.1628042	744128	Kunžak-Lomy
49.9588609	12.7044913	744151	Mariánské Lázně město
49.0823273	15.1709210	744227	Kaproun
49.9466871	12.7426745	744250	Vlkovice
49.0660241	15.1577778	744326	Senotín
49.9603453	12.7616160	744359	Milhostov u Mariánských Lázní
49.0453295	15.1583741	744425	Hůrky
49.9566253	12.7849823	744458	Ovesné Kladruby
49.0296604	15.1376726	744524	Albeř
49.9638389	12.8325733	744557	Mrázov
49.0192726	15.1110196	744623	Nová Bystřice
49.9756381	12.8599577	744656	Teplá
49.1719093	15.0330918	744722	Horní Skrýchov
49.9931449	12.8447065	744755	Hoštěc
49.1939266	15.0334600	744821	Dolní Radouň
50.0182497	12.8220058	744854	Poutnov
49.2012738	15.0505359	744920	Lovětín
50.0387524	12.8273385	744953	Louka u Mariánských Lázní
49.2115428	15.0580866	745026	Lovětín obec
49.2234917	15.0625584	745125	Nekrasín
50.1030668	12.8455124	745158	Vodná
49.2368768	15.0668753	745224	Nová Včelnice
49.2641140	15.0749537	745323	Žďár u Kamenice nad Lipou
50.1514385	12.8486213	745356	Teplička u Karlových Varů
49.2812039	15.0796797	745422	Rodinov
50.1601129	12.8388284	745455	Kfely
49.2949253	15.0748824	745521	Kamenice nad Lipou
50.1792081	12.8414766	745554	Cihelny
49.3048039	15.0428903	745620	Včelnička
50.2019073	12.8375933	745653	Karlovy Vary-Březová
49.3291362	15.0085756	745729	Benešov nad Lipou
50.2116395	12.8318788	745752	Doubí u Karlových Varů
49.3417089	14.9842910	745828	Chválkov
50.2303850	12.8639839	745851	Karlovy Vary dolní nádraží
49.3622876	14.9653939	745927	Dobešov
49.7149724	13.2094773	745950	Nýřany
49.3738500	14.9653624	746024	Černovice u Tábora
49.3846978	14.9426485	746032	Střítež u Černovic
49.3869069	14.9385029	746123	Křeč
49.4066301	14.9458096	746222	Sudkův Důl
49.4289295	14.9534616	746321	Obrataň
49.4819195	13.6144241	746438	Třebčice
49.4224030	14.9490137	746529	Obrataň zastávka
49.4690656	13.6304832	746537	Želvice
49.7402712	13.3672676	746552	Plzeň-Jižní předměstí
49.7474577	13.3262702	746560	Plzeň-Zadní Skvrňany
49.4629314	13.6659990	746636	Kotouň
49.7419132	13.3481424	746651	Plzeň-Skvrňany
49.4634077	13.6913480	746735	Životice
49.7298161	13.2846196	746750	Vejprnice
49.4569092	13.7442156	746834	Kasejovice
49.7244499	13.2421501	746859	Tlučná
49.4497572	13.7733206	746925	Hradiště u Blatné
49.4437151	13.7900937	747022	Lnáře
49.4389048	13.8095632	747121	Tchořovice
49.4307510	13.8728415	747220	Blatná
48.6239410	14.3086780	747725	Vyšší Brod klášter
49.3993066	12.8683947	747956	Babylon
48.6340082	14.2440290	748129	Lipno nad Vltavou
49.7515904	13.3036809	748152	Plzeň-Křimice
49.0859835	15.4392042	748822	Dačice
49.1744233	15.4623502	749002	Telč-Staré Město
49.7630752	12.9111010	749051	Svojšín
49.8212465	12.7798644	749259	Pavlovice
49.1825563	15.4645899	749309	Telč
49.8286442	12.7415675	749358	Brod nad Tichou
49.8611351	12.7303247	749457	Planá u Mariánských Lázní
49.2323573	13.9020183	750125	Radošovice
49.2181902	13.8940183	750224	Přední Zborovice
49.2034876	13.8858159	750323	Strunkovice nad Volyňkou
49.2101154	13.8875055	750331	Strunkovice nad Volyňkou obec
50.0735014	12.3807500	750356	Cheb
49.1873670	13.8931630	750422	Hoštice u Volyně
49.7682748	13.4003273	750455	Plzeň-Bílá Hora
49.7858945	13.3857078	750463	Plzeň-Bolevec
49.1702226	13.8929163	750521	Volyně
49.8038961	13.3961591	750554	Plzeň-Orlík
49.1501309	13.9059670	750620	Nišovice
49.8189525	13.3945747	750653	Třemošná u Plzně
49.1238404	13.8832937	750729	Malenice nad Volyňkou
49.1090866	13.8672947	750828	Lčovice
49.1111581	13.8291463	750927	Čkyně
49.0976613	13.8141031	751024	Bohumilice v Čechách zastávka
49.8937635	13.3749579	751057	Kaznějov
49.0928349	13.8008633	751123	Bohumilice v Čechách
49.0556817	13.7910511	751222	Vimperk
49.0486774	13.7637335	751321	Vimperk zastávka
49.0201601	13.7355975	751420	Lipka
48.9233725	13.8024749	751529	Lenora zastávka
48.9830197	13.7746457	751628	Kubova Huť
48.9283590	13.7967347	752022	Lenora
48.9079788	13.8291485	752121	Soumarský Most
48.6018001	14.4219480	752220	Horní Dvořiště
48.6495664	14.4316793	752339	Rybník
50.2235185	13.4043592	752360	Podbořany
48.7251510	14.4478019	752626	Omlenice
48.7751404	14.4688272	752725	Kaplice
49.7372102	13.3745841	752956	Plzeň zastávka
49.7215337	13.3829933	753053	Plzeň-Doudlevce
49.7131629	13.3368915	753152	Plzeň-Valcha
49.6569311	13.3037198	753251	Dobřany
49.6011993	13.2990650	753459	Přeštice-Zastávka
48.9244571	14.4495592	753525	Včelná
49.5752025	13.3225305	753558	Přeštice
48.9592258	14.4753610	753624	České Budějovice jižní zastávka
49.5480702	13.3145559	753657	Lužany
49.5272345	13.2999472	753756	Borovy
49.4958195	13.3049584	753855	Červené Poříčí
49.4737402	13.2907478	753954	Švihov u Klatov
49.4294812	13.3093695	754150	Točník
49.7885945	13.0902909	754259	Pňovany
49.7975697	13.0737133	754358	Blahousty
49.8154753	13.0468659	754457	Trpísty
49.8220714	13.0160683	754556	Lomnička
49.8312973	12.9812987	754655	Cebiv
49.8515882	12.9791087	754754	Strahov
49.8730956	12.9676295	754853	Břetislav
49.8824323	12.9643721	754952	Kokašice
49.4457951	14.5988690	755025	Balkova Lhota
49.8848577	12.9755716	755058	Konstantinovy Lázně
49.9031404	12.9695598	755157	Bezdružice
49.4417394	14.3778402	755520	Milevsko
49.5886907	12.7210303	755751	Bělá nad Radbuzou
49.5920303	12.7086814	755850	Bělá nad Radbuzou zastávka
49.6253904	12.7011556	755959	Třemešné pod Přimdou
49.6291659	12.7219510	756056	Dubec
49.6351300	12.7683955	756155	Borek u Tachova
49.3141805	14.1616793	756429	Písek město
49.2964839	14.1429444	756528	Písek
49.3272659	14.1103067	756536	Písek-Dobešice
49.2641031	14.1317394	756627	Putim
49.8020517	12.6388725	756858	Tachov
49.3111787	15.3245682	758029	Horní Cerekev
49.3174835	15.3982382	758201	Batelov
49.3572172	15.4821290	758409	Kostelec u Jihlavy
48.7521847	14.0441360	758623	Horní Planá zastávka
50.2356364	12.8670454	758755	Karlovy Vary
48.7899072	13.9534565	758920	Nová Pec
50.1647645	12.6155444	759050	Citice
48.7650577	14.0265624	759126	Horní Planá
48.7427481	14.0868927	759225	Černá v Pošumaví
48.7638373	14.1009378	759324	Žlábek
48.7788505	14.1042533	759423	Hodňov
48.7994496	14.1203132	759522	Polečnice
48.7986248	14.1479747	759621	Polná na Šumavě
48.7714983	14.1828673	759720	Hořice na Šumavě
48.7887112	14.2404160	759829	Mezipotočí
48.8130150	14.2654059	759928	Kájov
48.8223939	14.3174299	760025	Český Krumlov
48.8291176	14.3413054	760124	Přísečná
48.8504082	14.3514248	760223	Zlatá Koruna
48.8641493	14.3509237	760322	Plešovice
48.8833382	14.3486488	760421	Třísov
48.8932025	14.3245875	760520	Holubov
48.9046261	14.3314086	760629	Křemže
48.9173197	14.3572743	760728	Vrábče
48.9265915	14.3659208	760736	Hradce
48.9267241	14.4060128	760827	Černý Dub
49.9670777	14.0835110	760843	Beroun-Závodí
48.9270273	14.4440054	760926	Boršov nad Vltavou
49.2554527	13.9161835	761023	Strakonice
50.0956850	13.6466655	761049	Senomaty
49.2582012	13.8490759	761221	Pracejovice
50.1045388	13.5981118	761247	Pšovlky
49.2693973	13.8234401	761320	Katovice
49.2882879	13.8008582	761429	Dolní Poříčí
49.3051688	13.7789330	761528	Střelské Hoštice
50.0932934	13.4721803	761643	Jesenice
50.0786273	13.6962271	761841	Lubná
50.0564421	13.6290692	762047	Zavidov
50.0328949	13.5689940	762245	Čistá
49.9936665	13.5191712	762450	Kožlany
49.6630990	13.6516454	763458	Příkosice
49.6424140	13.5171006	764050	Nezvěstice
50.1861476	12.6444602	764555	Sokolov
50.1901921	12.6247522	764654	Svatava
50.1974017	12.6072444	764753	Svatava zastávka
50.2178003	12.5876663	764852	Luh nad Svatavou
50.2218165	12.5807928	764951	Hřebeny
50.2546128	12.5582596	765057	Oloví
50.2870409	12.5354560	765156	Rotava
50.3118321	12.5187372	765255	Kraslice předměstí
50.3402439	12.4970702	765347	Kraslice-Pod vlekem
50.3306307	12.5027932	765354	Kraslice
49.7480270	12.8811819	765453	Lom u Stříbra
49.7180227	12.8628546	765552	Holostřevy
49.7131312	12.8139255	765651	Skviřín
49.7176152	12.7785392	765750	Bor
49.3842079	13.0105490	769059	Starec
49.6815378	13.3240035	769356	Dobřany zastávka
48.8279268	14.3347904	770123	Domoradice
